<annotation>
	<folder>F</folder>
	<filename>DSCN2846.JPG</filename>
	<path>C:\Users\brown\Desktop\OCR + obj\ZR\F\DSCN2846.JPG</path>
	<source>
		<database>Unknown</database>
	</source>
	<size>
		<width>2048</width>
		<height>1536</height>
		<depth>3</depth>
	</size>
	<segmented>0</segmented>
	<object>
		<name>F</name>
		<pose>Unspecified</pose>
		<truncated>0</truncated>
		<difficult>0</difficult>
		<bndbox>
			<xmin>327</xmin>
			<ymin>284</ymin>
			<xmax>1411</xmax>
			<ymax>1374</ymax>
		</bndbox>
	</object>
</annotation>
