<annotation>
	<folder>CF</folder>
	<filename>DSCN2856.JPG</filename>
	<path>C:\Users\brown\Desktop\OCR + obj\ZR\CF\DSCN2856.JPG</path>
	<source>
		<database>Unknown</database>
	</source>
	<size>
		<width>2048</width>
		<height>1536</height>
		<depth>3</depth>
	</size>
	<segmented>0</segmented>
	<object>
		<name>CF</name>
		<pose>Unspecified</pose>
		<truncated>0</truncated>
		<difficult>0</difficult>
		<bndbox>
			<xmin>42</xmin>
			<ymin>139</ymin>
			<xmax>1383</xmax>
			<ymax>1431</ymax>
		</bndbox>
	</object>
</annotation>
