<annotation>
	<folder>F</folder>
	<filename>DSCN2937.JPG</filename>
	<path>C:\Users\brown\Desktop\OCR + obj\ZR\F\DSCN2937.JPG</path>
	<source>
		<database>Unknown</database>
	</source>
	<size>
		<width>2048</width>
		<height>1536</height>
		<depth>3</depth>
	</size>
	<segmented>0</segmented>
	<object>
		<name>F</name>
		<pose>Unspecified</pose>
		<truncated>0</truncated>
		<difficult>0</difficult>
		<bndbox>
			<xmin>383</xmin>
			<ymin>101</ymin>
			<xmax>1392</xmax>
			<ymax>1165</ymax>
		</bndbox>
	</object>
</annotation>
