<annotation>
	<folder>C</folder>
	<filename>DSCN3010.JPG</filename>
	<path>C:\Users\brown\Desktop\OCR + obj\ZR\C\DSCN3010.JPG</path>
	<source>
		<database>Unknown</database>
	</source>
	<size>
		<width>2048</width>
		<height>1536</height>
		<depth>3</depth>
	</size>
	<segmented>0</segmented>
	<object>
		<name>C</name>
		<pose>Unspecified</pose>
		<truncated>0</truncated>
		<difficult>0</difficult>
		<bndbox>
			<xmin>297</xmin>
			<ymin>139</ymin>
			<xmax>1738</xmax>
			<ymax>1190</ymax>
		</bndbox>
	</object>
</annotation>
