<annotation>
	<folder>CF</folder>
	<filename>DSCN2938.JPG</filename>
	<path>C:\Users\brown\Desktop\OCR + obj\ZR\CF\DSCN2938.JPG</path>
	<source>
		<database>Unknown</database>
	</source>
	<size>
		<width>2048</width>
		<height>1536</height>
		<depth>3</depth>
	</size>
	<segmented>0</segmented>
	<object>
		<name>CF</name>
		<pose>Unspecified</pose>
		<truncated>0</truncated>
		<difficult>0</difficult>
		<bndbox>
			<xmin>497</xmin>
			<ymin>365</ymin>
			<xmax>1675</xmax>
			<ymax>1409</ymax>
		</bndbox>
	</object>
</annotation>
