<annotation>
	<folder>C</folder>
	<filename>DSCN2978.JPG</filename>
	<path>C:\Users\brown\Desktop\OCR + obj\ZR\C\DSCN2978.JPG</path>
	<source>
		<database>Unknown</database>
	</source>
	<size>
		<width>2048</width>
		<height>1536</height>
		<depth>3</depth>
	</size>
	<segmented>0</segmented>
	<object>
		<name>C</name>
		<pose>Unspecified</pose>
		<truncated>0</truncated>
		<difficult>0</difficult>
		<bndbox>
			<xmin>270</xmin>
			<ymin>49</ymin>
			<xmax>1654</xmax>
			<ymax>1531</ymax>
		</bndbox>
	</object>
</annotation>
